,119.0,119.46938775510203,119.93877551020408,120.40816326530613,120.87755102040816,121.34693877551021,121.81632653061224,122.2857142857143,122.75510204081633,123.22448979591837,123.6938775510204,124.16326530612244,124.63265306122449,125.10204081632652,125.57142857142857,126.0408163265306,126.51020408163265,126.9795918367347,127.44897959183675,127.91836734693878,128.3877551020408,128.85714285714286,129.32653061224488,129.79591836734693,130.26530612244898,130.73469387755102,131.20408163265307,131.6734693877551,132.14285714285714,132.6122448979592,133.0816326530612,133.55102040816325,134.0204081632653,134.48979591836735,134.9591836734694,135.42857142857144,135.89795918367346,136.3673469387755,136.83673469387756,137.30612244897958,137.77551020408163,138.24489795918367,138.71428571428572,139.18367346938777,139.6530612244898,140.12244897959184,140.59183673469389,141.0612244897959,141.53061224489798,142.0
22.0,2.7016568819776396,2.7016578720351974,2.704073223727293,2.708794910332687,2.715611114729465,2.7242144955396466,2.734214081083426,2.7451502152404794,2.7565118355861236,2.767755258710743,2.778323588251208,2.787665854758175,2.7952550470065867,2.8006043001111505,2.803280658136811,2.8029160125296695,2.7992150133805778,2.7919599387062584,2.7810126711636274,2.7663140608018173,2.747881041429297,2.725801916999235,2.700230247084692,2.6713777435702544,2.6395065521207735,2.6049212403802637,2.567960758562005,2.528990584341998,2.4883952178937205,2.446571156766008,2.4039204532539302,2.3608449354781387,2.317741152729185,2.2749960812101646,2.2329835955290864,2.1920616746033943,2.152570271732409,2.1148297435534227,2.079139708212654,2.0457781947716676,2.01500095585727,1.9870408419246381,1.9621071724682029,1.940385078993116,1.9220348284366815,1.9071911581489642,1.8959626624006038,1.8884312675191133,1.8846518228046893,1.8846518228046893
22.346938775510203,2.7016578720351974,2.701658860755507,2.704074211138856,2.7087958964639367,2.7156120996087703,2.7242154791953164,2.7342150635437155,2.745151196533591,2.7565128157402112,2.767756237753919,2.7783245662115434,2.7876668316637048,2.7952560228853116,2.800605274991043,2.8032816320458154,2.8029169854957083,2.7992159854315517,2.791960909870049,2.7810136414681006,2.7663150302748254,2.74788201009868,2.725802884892823,2.7002312142303073,2.67137870999571,2.6395075178538785,2.60492220544882,2.567961722993811,2.528991548164847,2.4883961811354016,2.4465721194543084,2.4039214154166313,2.3608458971430193,2.317742113924017,2.274997041962714,2.232984555867114,2.192062634554653,2.1525712313246412,2.1148307028143627,2.0791406671700217,2.04577915345317,2.0150019142906,1.9870418001374688,1.9621081304881884,1.9403860368478896,1.9220357861538517,1.9071921157561136,1.8959636199252863,1.8884322249888525,1.8846527802469741,1.8846518228046893
22.693877551020407,2.7047851390178885,2.704786126430309,2.7071790916818443,2.711856411023283,2.7186070549584995,2.7271248185269776,2.7370201634670677,2.7478350989284523,2.7590603847479938,2.7701542369475396,2.7805616566599696,2.7897334977532786,2.797144438648311,2.8023091284581625,2.804795927987504,2.8042378473327916,2.8003404749885137,2.792886879379587,2.781739626545261,2.766840186394861,2.748206089368132,2.7259262453589774,2.700154851101445,2.671104297083432,2.63903744813718,2.6042596215161344,2.5671105307527413,2.527956410126424,2.487182488368136,2.445185943676443,2.4023694444996893,2.3591353584941928,2.3158806908332297,2.2729927881150003,2.2308458129157946,2.1897979570047856,2.1501893220616775,2.112340361501758,2.076550752512066,2.043098559070092,2.012239556789401,1.9842066169942154,1.9592090846837906,1.9374321248905872,1.9190360462094713,1.9041556330789642,1.892899527580407,1.8853496988797958,1.8815610285759368,1.8815600723996602
23.040816326530614,2.711059943916154,2.7110609300499666,2.713408934423417,2.7179971443425766,2.7246161155015933,2.732961930055847,2.742647934651499,2.7532194903632643,2.7641710259447145,2.774964583567213,2.785048989534712,2.793878777387265,2.800932040481375,2.8057264935393094,2.8078331692979948,2.8068873528239617,2.8025965442903633,2.794745422808378,2.7831979439215386,2.7678968310919316,2.7488608117615225,2.7261800009192925,2.700009852684727,2.670564088801861,2.638106979231825,2.6029453021708413,2.56542025683755,2.525899549485703,2.484769826669697,2.4424295924500874,2.399282717509802,2.355732624921834,2.312177214950091,2.269004565356869,2.226589411674521,2.1852903742169554,2.1454478589267394,2.107382523554482,2.0713941759564207,2.0377609629282545,2.0067387182262295,1.9785603653459412,1.9534353084327716,1.9315487852217017,1.9130611909248065,1.8981074055198373,1.8867961667060875,1.8792095285926558,1.8754024365023088,1.8754014815636983
23.387755102040817,2.7205231585417544,2.720524143426167,2.7228042599308986,2.7272579231543546,2.733678088437655,2.7417643001853595,2.751134272664246,2.7613384429545293,2.7718767987373383,2.782217184380425,2.7918142345309733,2.8001280804738427,2.806642023287422,2.8108784669357885,2.8124125455779354,2.8108830489023795,2.8060004303911947,2.797551859119209,2.785403431673198,2.7694997870626317,2.7498614589157158,2.7265803548886156,2.699813775402342,2.6697773772226197,2.6367374582916505,2.60100289593798,2.562917018853547,2.522849641230558,2.481189440761597,2.438336823783614,2.394697390585561,2.3506760889763103,2.3066721202334612,2.263074634233364,2.220259217388009,2.178585138424273,2.138393276680935,2.10000462152951,2.0637192065538734,2.029815333722115,1.998548953232071,1.9701530921049335,1.9448372631196644,1.9227868271095192,1.9041623176733218,1.8890987618972956,1.8777050413784047,1.870063336270524,1.8662286856627417,1.8662277319335288
23.73469387755102,2.7332320658257148,2.7332330494898587,2.7354219016749957,2.7396946913269415,2.745847606252227,2.753584855232818,2.762530038171761,2.772240435819028,2.7822235370350388,2.791955026031352,2.8008974006813965,2.808518390271943,2.8143083885299682,2.817796212570732,2.8185626325278683,2.816251277382044,2.810576694567756,2.801329508924411,2.788378777405547,2.771671760373269,2.7512314231035635,2.7271520407871064,2.6995933081825343,2.6687733547070445,2.634961042392647,2.598467884378419,2.55963987277612,2.5188494539855957,2.4764878426393935,2.432957825670547,2.3886671758549776,2.3440227671504608,2.299425458144526,2.2552657808269174,2.2119204372903423,2.1697495672828886,2.129094708400371,2.090277334137454,2.053597829793608,2.0193347578205865,1.9877442748938758,1.9590595908997401,1.9334903993277983,1.9112222509940058,1.8924158802051716,1.877206518205074,1.8657032405052076,1.8579883939212725,1.8541171400834933,1.8541161875354808
24.08163265306122,2.7492558048122655,2.7492567872851996,2.751330532956924,2.7553751969457356,2.7611910450889234,2.7684881723913994,2.7768976099915497,2.7859852867966723,2.795268182965601,2.804231921113967,2.8123489929517937,2.8190968175331044,2.8239748730168186,2.8265202334774857,2.826320968121147,2.8230270107322637,2.816358268675133,2.8061098997255933,2.7921548298017496,2.7744437067666228,2.753002579698292,2.7279286571551364,2.6993845322434837,2.6675912690047747,2.6328207278931584,2.5953874736443368,2.55564056350111,2.5139554646179305,2.47072630252271,2.426358601523206,2.3812626437197157,2.3358475438521538,2.290516108842702,2.245660519736529,2.201658837492586,2.1588722932080318,2.1176432814459707,2.0782939383250136,2.0411251606319647,2.006415913858302,1.9744226880178986,1.9453789884996049,1.9194947892373415,1.8969559188856382,1.877923389035523,1.8625327004788732,1.8508931764591554,1.8430873719613312,1.8391705994828662,1.8391696480879287
24.42857142857143,2.7686697348882428,2.768670716198951,2.770605123644141,2.7743736301400532,2.7797814247465285,2.7865457125036333,2.7943065086013634,2.8026402106841677,2.811075309322142,2.819109509948367,2.8262274947041384,2.8319185521789123,2.835693346612647,2.837099181907432,2.8357332323675912,2.8312533511655875,2.823386217336023,2.8119327310177837,2.7967707046428676,2.777855017105838,2.75521549343791,2.728952841223793,2.6992330160027693,2.666280402147964,2.630370186125111,2.5918202704148645,2.5509830350697493,2.5082372067771916,2.4639800485877856,2.4186200412805587,2.3725701909768557,2.3262420656078913,2.280040631896892,2.2343599310970577,2.1895795937172564,2.146062151397901,2.1041510614933743,2.0641693226104287,2.026418533927665,1.9911782429014497,1.9587054371826427,1.929234065359101,1.9029745117418628,1.8801129946169781,1.8608108967562393,1.8452040651278483,1.8334021308457822,1.8254879014598793,1.8215168695907153,1.821515919320799
24.77551020408163,2.7915490541499173,2.791550034327312,2.7933206501509695,2.796764512833475,2.801692559702693,2.807830304499318,2.814828274687317,2.822275139742518,2.8297129162749295,2.836653553924468,2.84259616448434,2.847044157226693,2.849521584587818,2.84958807987216,2.8468518754022107,2.840980516563567,2.8317090245970933,2.818845399179736,2.8022734823738262,2.7819533215680012,2.7579192653898468,2.730276099603384,2.6991935776208344,2.6648997221081263,2.627673271946639,2.587835626415389,2.545742601623891,2.5017762696382286,2.456337104659725,2.4098366174937262,2.362690621154081,2.3153132358353874,2.2681117078534196,2.221482081363931,2.175805721861075,2.1314466472513605,2.0887495791668407,2.0480385898013482,2.009616194312769,1.9737627308840549,1.9407358820164107,1.9107702196747867,1.8840766978390209,1.860842060728233,1.8412281750949027,1.8253713241130285,1.813381515550094,1.8053418589114352,1.8013080587112165,1.8013071095383362
25.122448979591837,2.8179620420887663,2.817963021161688,2.8195454177337025,2.8226161778760996,2.8269927676768245,2.8324101493347094,2.83853082606052,2.8449574815029894,2.851247627289619,2.856929595374622,2.861519173879315,2.8645361866440187,2.86552035548411,2.8640458553092385,2.859734069108904,2.8522641645716615,2.8413812387991397,2.8269019046139414,2.808717314520015,2.7867937304945025,2.7611708443389196,2.7319581300218836,2.6993295631417444,2.6635170717499785,2.624803087853418,2.583512552913639,2.5400046986971665,2.4946648832594143,2.447896716895424,2.400114669238457,2.351737308513969,2.3031812868351036,2.2548561491067582,2.2071600049238675,2.1604760612737706,2.115169969641706,2.0715878976878734,2.030055198492165,1.9908755255653285,1.9543302343064293,1.9206779223367971,1.8901539902825513,1.862970145541417,1.8393138164199585,1.819347484542102,1.8032079732347102,1.7910057456329973,1.7828242691032208,1.7787194956322807,1.778718547528521
25.46938775510204,2.847963303992082,2.8479642819893023,2.8493343632659256,2.8519841877138252,2.855738459956909,2.8603426350068824,2.865472546585506,2.870746525877003,2.8757394525102082,2.8799981079093406,2.8830571668770983,2.884455166120203,2.8837498251423526,2.880532160143038,2.8744389188426056,2.865162966916922,2.8524613687721816,2.8361610210700343,2.816161811488831,2.79243738262676,2.7650336767279655,2.734065516266608,2.699711534274485,2.6622078039863806,2.621840529398706,2.578938148749188,2.5338631761569097,2.4870040686362493,2.4387673624709554,2.389570279276839,2.339833960507537,2.289977449751428,2.240412503267658,2.1915392687008937,2.1437428286696214,2.097390560886581,2.0528302230083253,2.0103886337609094,1.9703707978257623,1.9330593150703912,1.8987139267536741,1.8675710804129615,1.8398434358136853,1.8157192789081913,1.795361851210225,1.7789086320871894,1.7664706281033595,1.7581317271137031,1.7539481684352092,1.753947221372723
25.816326530612244,2.8815873736214828,2.8815883505717004,2.882722688946313,2.8849050310357462,2.8879679344317055,2.8916682611908393,2.895696379127754,2.8996877437548365,2.9032363296262025,2.905909313700743,2.9072623832837525,2.9068550459282356,2.904265354136439,2.8991035178466,2.8910239562697697,2.879735432099129,2.8650090108964017,2.846683692734793,2.824669668249525,2.7989492530168727,2.7695756479337765,2.7366697539101166,2.700415331924879,2.661052840780011,2.618872303277942,2.574205548245213,2.5274181545165213,2.4789013890448612,2.429064390442987,2.3783268062110468,2.3271120494176887,2.2758412992410535,2.2249283284982595,2.1747751985987533,2.1257688175959495,2.078278311363786,2.032653114717791,1.9892216534980813,1.948290465605437,1.9101436029069463,1.875042168315713,1.843223871225572,1.8149025245579407,1.7902674505334266,1.7694828022148381,1.7526868378177105,1.7399912016706556,1.7314802697850022,1.7272106121448778,1.7272096660958858
26.163265306122447,2.9188429850653344,2.91884396099718,2.9197201355758247,2.921390401455457,2.923695668377315,2.9264049610108303,2.9292241979033564,2.931807237786008,2.9337686858172676,2.9346978920930806,2.9341735496889827,2.931778307382731,2.9271128477163826,2.9198089375404868,2.9095410294103417,2.8960360734519033,2.879081287480983,2.85852972609229,2.8343035849365457,2.8063952714002878,2.7748663631233814,2.73984465606519,2.7015195689181413,2.660136216331015,2.6159884874192336,2.569411468775197,2.520773535543397,2.4704684047664767,2.418907407379008,2.36651219344776,2.3137080424174714,2.26091790722142,2.208557277746296,2.157029904472323,2.1067243770298933,2.0580115063884237,2.011242416726514,1.9667472183948784,1.924834111690631,1.8857887661249433,1.8498738326707924,1.8173284750557905,1.7883678453788883,1.7631824720793356,1.7419375672323434,1.7247722894945037,1.7117990157863077,1.7031026791392576,1.6987402247191163,1.6987392796559062
26.51020408163265,2.9597082600668987,2.9597092350089356,2.960306143406142,2.961422309306699,2.9629073659426965,2.9645430787659306,2.9660517220968683,2.9671066086352456,2.967344283247773,2.9663778385448336,2.96381079074896,2.959250966815346,2.9523238911293874,2.9426852148381464,2.9300317965437,2.9141111155657957,2.8947287763961764,2.871753944697302,2.845122640513349,2.814838901314861,2.780973912481045,2.7436632808714063,2.703102692837513,2.6595422466924705,2.6132797784159685,2.56465350780514,2.514034322421738,2.461817992385905,2.40841757491582,2.3542562276842998,2.299760607472344,2.2453549866345437,2.1914561747785286,2.1384692866806745,2.0867843502936028,2.0367737025410735,1.9887900787444437,1.9431652683471738,1.9002091895242812,1.860209231479434,1.8234297265535144,1.7901114425005595,1.7604710234350027,1.7347003492607183,1.7129658209278564,1.6954076071686521,1.6821389046131792,1.6732452675069456,1.6687840581353655,1.66878311403029
26.857142857142858,3.0041269811913125,3.004127955172036,3.0044260760712427,3.0049492118431544,3.005555959060072,3.0060412181335536,3.0061442019696445,3.005558484083679,3.0039436097902787,3.00093774705338,2.9961708419314412,2.9892777624670615,2.9799109563206714,2.9677522027625516,2.9525231019189757,2.933994009601991,2.9119911937536394,2.8864020592680424,2.8571783624418714,2.824337413856605,2.7879613464131765,2.7481945990675536,2.7052398312713812,2.659352533310569,2.6108346302708103,2.560027391059569,2.507303949890912,2.4530617287950367,2.3977150198366495,2.3416879484998585,2.285407997959416,2.2293002294297173,2.1737822873175086,2.119260230116219,2.066125179982672,2.01475073788984,1.9654910704720472,1.9186795432310286,1.8746277565634437,1.8336248387497138,1.7959368640056623,1.7618062915883803,1.7314513588974867,1.7050654011138722,1.6828161056811806,1.6648447367891024,1.6512653803640158,1.6421642640690888,1.6375992018263423,1.6375982586518214
27.20408163265306,3.0520060419714583,3.0520070150192957,3.0519886063400117,3.0518832751500886,3.051558695452796,3.0508231190934163,3.049433062652977,3.0471029236412335,3.0435160539165094,3.038336778642499,3.0312228462616546,3.021837822470511,3.0098629892519444,2.995008368553343,2.9770225515233766,2.9557010745352823,2.9308931423879767,2.902506559092745,2.8705107896990567,2.834938143403491,2.795883137187272,2.7535001668125596,2.707999673325216,2.659643043391446,2.6087365170729795,2.555624395103748,2.5006818394978167,2.444307548230343,2.3869165596394986,2.3289334081645214,2.270785812726236,2.212899034466328,2.1556909931526946,2.0995681826898047,2.044922377619116,1.9921280768093093,1.9415405910779742,1.8934946520148244,1.8483034031787002,1.8062576341903047,1.7676251329897417,1.7326500591286031,1.7015522766559026,1.6745266228687818,1.6517421228991962,1.6333411851508546,1.6194388266727864,1.6101219809106395,1.6054489352086652,1.6054479929371812
27.551020408163268,3.1032140901380423,3.1032150622813566,3.1028642885647746,3.1020988095538318,3.1007953793913865,3.0987756584197883,3.0958136331155566,3.0916448602746405,3.0859770590674764,3.0785015428772597,3.0689049903166676,3.0568810931449897,3.0421416761614273,3.0244269486832387,3.0035146101521084,2.9792275896600438,2.951440251099612,2.920082945330443,2.885144841846952,2.84667502719517,2.804781915707903,2.7596310775098094,2.7114416450625023,2.660481508153015,2.6070615441646354,2.5515291530890014,2.4942613741371757,2.4356578536563114,2.37613391414762,2.316113943846556,2.256025287966124,2.1962927785300406,2.1373339917790024,2.079555272524427,2.0233485159989884,1.9690886526819171,1.9171317436745587,1.86781356693675,1.8214485609295192,1.7783289934322746,1.7387242389966229,1.7028800759039049,1.6710179479232583,1.6433341718799999,1.6199991034627417,1.6011562966252422,1.5869217043925095,1.5773829712725762,1.5725988620952371,1.5725979206993377
27.89795918367347,3.157581315327049,3.157582286594137,3.1568852778443217,3.155431855263508,3.1531077657192825,3.1497480037134054,3.1451440237177306,3.13905267830354,3.13120639262017,3.121324062378112,3.1091221816760157,3.09432575830159,3.076678643375743,3.0559529754852734,3.031957506562385,3.0045446330426513,2.9736160018766133,2.939126600857714,2.901087281541355,2.8595657047027023,2.814685744350946,2.7666254356954423,2.7156136020152664,2.6619253409615538,2.6058765882939046,2.547818003143046,2.48812843163522,2.4272082045381445,2.3654725101266365,2.303345057225573,2.241252207422176,2.1796177121186195,2.1188581420144565,2.0593790466033965,2.0015718324683753,1.94581130495982,1.8924537817294023,1.8418356617539065,1.7942723222624022,1.7500572192728783,1.7094610842557096,1.672731136773174,1.6400902661637429,1.6117361690081395,1.5878404580985626,1.5685477791948341,1.5539749823742892,1.544210395894749,1.5393132445448576,1.539312303997153
28.244897959183675,3.2149002826429314,3.2149012530620262,3.213846104618373,3.2116808412676647,3.208300050726989,3.20355189034618,3.1972451515204545,3.1891579590444943,3.179047594616658,3.1666609188376746,3.151744898089145,3.1340568088072844,3.1133737751352517,3.0895013804869067,3.0622811672755064,3.0315968964147424,2.9973794798269044,2.9596105299903575,2.9183244970214113,2.8736093916049286,2.825606124625791,2.7745065321604665,2.72055019567015,2.6640202083053133,2.6052380750819495,2.5445579634556332,2.482360538472821,2.419046621357731,2.355030901499071,2.2907359099323648,2.2265864292056023,2.163004472440022,2.1004049165595675,2.039191824609929,1.9797554436193674,1.9224698213947875,1.8676909515597644,1.8157553339442878,1.7669788289569563,1.7216556901203037,1.680057677047964,1.642433178538899,1.6090063075569798,1.5799759614920188,1.5555148675538846,1.5357686511520399,1.5208549734301846,1.510862783655334,1.5058517253880999,1.5058507856612615
28.591836734693878,3.2749276805777123,3.2749286501769825,3.2735053784232315,3.2706082015030713,3.266140358893807,3.2599629395398466,3.2519018542929072,3.241756360559653,3.2293085997550737,3.2143336018566186,3.1966092570574203,3.175925836937101,3.1520947471771383,3.1249562918291365,3.0943863116432615,3.0603016193445622,3.0226641934653804,2.9814841149656908,2.936821245238346,2.888785657673207,2.8375368530436065,2.7832818139477262,2.7262719849276227,2.6667993000682433,2.6051914149158915,2.541806330085201,2.4770266158914325,2.41125345758548,2.344900737406136,2.2783893523246928,2.2121419361915784,2.146578114517279,2.082110372898648,2.019140570361091,1.9580570810745623,1.8992325062627775,1.8430218663009192,1.7897611636428858,1.7397662016612032,1.6933315524547514,1.6507295862191218,1.6122095023735277,1.5779963337079046,1.5482899244438104,1.5232639069856484,1.50306471743414,1.487810695812952,1.4775913146264603,1.472466571506883,1.4724656325736443
28.93877551020408,3.337386836511979,3.3373878053195334,3.335588276721908,3.3319428096131594,3.3263630949709198,3.3187228979587964,3.308864987164103,3.2966095414484338,3.2817634605954025,3.2641300079906026,3.2435182733104164,3.2197520428138935,3.1926777819299437,3.1621715479088657,3.1281447434004535,3.0905486870063896,3.049378014212135,3.0046729376882397,2.956520398823846,2.9050541417211138,2.8504537440162103,2.7929426500935937,2.7327852726606983,2.6702832566496504,2.605771031412432,2.539610808436955,2.4721872073291435,2.403901708138341,2.3351671300814854,2.2664023239566626,2.198027238635662,2.1304584834795586,2.0641054623017836,1.9993671054594007,1.9366291798456237,1.876262116630102,1.81861926726256,1.7640354819218276,1.7128259020978247,1.665284869513916,1.621684874700897,1.5822754964575894,1.5472823135888185,1.5169057980156861,1.491320219667176,1.4706726060646313,1.4550818027710966,1.4446376764408086,1.4394004930158228,1.4393995548489784
29.285714285714285,3.401970853896659,3.40197182194054,3.3997896730046837,3.395383086889713,3.3886720170626856,3.3795426566536575,3.3678543634924396,3.3534479958835353,3.336155046838233,3.31580697444373,3.2922441997341054,3.2653243605398363,3.234929545086292,3.200972358376398,3.1634007794794123,3.122201839406625,3.077404186805241,3.029079618594259,2.977343645010408,2.922355144149507,2.8643151491933647,2.803464808366,2.74008256610664,2.6744806335699156,2.6070008442727124,2.5380100215464836,2.4678950125884285,2.3970575636860425,2.3259092181757417,2.2548664104590417,2.184345905946774,2.114760700528958,2.0465164483701916,1.9800084389118224,1.9156190985404997,1.8537159544692705,1.7946499717512714,1.7387541611672495,1.6863423563799433,1.6377080718787813,1.5931233759759595,1.5528377414528478,1.51707686580209,1.4860414788849499,1.4599061746212725,1.438818313015615,1.422897039352532,1.4122324606700136,1.4068850088991383,1.4068840714715418
29.632653061224488,3.468346239000699,3.4683472063088914,3.4657777698354306,3.46060064498353,3.4527438869313984,3.442105899743467,3.428562384884359,3.4119746405402354,3.392198558831821,3.369093685208503,3.342531791375521,3.312404547384681,3.278630032049736,3.241157966795476,3.199973676086931,3.1551008568520054,3.1066032785986453,3.0545855416632213,2.9991930041399373,2.940610960779559,2.8790631305437704,2.814809491764687,2.748143499602769,2.679388730640132,2.6088950215853703,2.537034198217291,2.464195520356313,2.390780992083025,2.317200697964401,2.2438683222273372,2.1711969879921043,2.099595520059188,2.0294651918507527,1.9611969708047412,1.895169232904327,1.8317458814294443,1.7712747812720855,1.7140864101992686,1.6604926322416393,1.6107855141002378,1.565236129829268,1.5240933278452031,1.4875824629389351,1.4559041201285834,1.4292328735776136,1.4077161307262411,1.3914731095572606,1.38059398780454,1.375139250513977,1.375138313798541
29.97959183673469,3.536156907115636,3.5361578737160633,3.533198122749739,3.527244341721243,3.5182325654591837,3.506073238532471,3.4906582031117805,3.4718689836262446,3.449585674348697,3.423695759634774,3.394102295981949,3.360731035604179,3.3235362423927794,3.2825051136856875,3.2376608527803565,3.1890645251963052,3.13681587423057,3.0810532746139825,3.021952978541361,2.9597277694325617,2.894625098153247,2.8269247441510714,2.7569360264618834,2.6849945891863536,2.6114588013055693,2.536705836802244,2.461127531017769,2.3851261353290263,2.3091101077848504,2.2334900777988222,2.1586751070024315,2.0850693378509684,2.013069081159899,1.9430603496283425,1.875416803059624,1.810498038009791,1.7486481338541604,1.6901943605003469,1.6354459597955864,1.5846929308340152,1.5382047752591188,1.4962291878783334,1.458990705877101,1.426689352501856,1.3994993252219676,1.3775677826858477,1.3610137798882278,1.3499273894706039,1.3443690329392919,1.344368096908987
30.326530612244895,3.605028482731301,3.605029448651827,3.6016779644484544,3.594944649746939,3.584773439392137,3.571086700792357,3.5537922656982195,3.5327917095273276,3.5079891447862437,3.4792998241136766,3.446657958921202,3.4100233249635927,3.3693864138400826,3.324772067992277,3.276241681887501,3.2238941498211346,3.1678657880202588,3.108329461317487,3.0454931142847537,2.979597857650412,2.9109157071319722,2.8397470252977506,2.766417685937049,2.691275968612537,2.6146891981452023,2.5370401653842656,2.458723394555302,2.3801413503442586,2.301700696864051,2.223808725260444,2.1468700548311626,2.0712836856812356,1.9974404436778923,1.9257208171786346,1.8564931464295242,1.7901120964524921,1.726917326558949,1.66723226592677,1.6113629142731307,1.5595966069819127,1.5122007112394311,1.4694212492768837,1.4314814721599165,1.398580428717084,1.3708915863196847,1.3485615621619966,1.331709016337998,1.3204237442751616,1.3147659902543483,1.3147650548822025
30.673469387755105,3.6745728297247107,3.674573794993142,3.6708307599292125,3.663318258215443,3.651988084891587,3.6367744627548206,3.6176011126548806,3.5943895256780296,3.5670676669705714,3.5355783741983737,3.499886833455522,3.4599866937901234,3.4159045840810323,3.367702989567823,3.315481603877143,3.2593773804785156,3.199563560863326,3.1362479605018714,3.0696707593620567,3.00010198625502,2.9278388206783887,2.853202775514959,2.7765367788942044,2.6982021493503083,2.61857545595697,2.5380452707296706,2.4570088471223954,2.3758687869754196,2.2950297801208834,2.2148955095505505,2.135865807650969,2.0583341264910766,1.9826853518292338,1.9092939527754074,1.8385224237680111,1.7707199486049894,1.706221201622716,1.6453452002240936,1.5883941349384458,1.5356521252724922,1.4873838777672994,1.443833252344462,1.4052217697186802,1.371747112528264,1.3435816832243295,1.3208712816893793,1.3037339561129804,1.292259064973341,1.2865065706190255,1.2865056358781237
31.02040816326531,3.7443927611685233,3.744393725812608,3.740260937173556,3.7319728424894896,3.7194890891037673,3.7027557280545325,3.681712309432953,3.656300136483531,3.626470875249618,3.592194752927103,3.553467705438218,3.5103170239854653,3.462805265890023,3.411032402275824,3.355136346677542,3.2952921275940232,3.2317100288130476,3.164633028137472,3.09433382900818,3.0211117153541136,2.945289383767142,2.8672098335263905,2.7872333357891277,2.705734465814463,2.623099168744811,2.5397218375693473,2.456002404635508,2.3723434762488234,2.2891475641057424,2.2068144801244767,2.1257389588178772,2.0463085539537595,1.9689018277571013,1.8938868175229646,1.8216197330751953,1.7524438149636206,1.6866882715756273,1.624667214884429,1.566678528397905,1.51300262414256,1.4639010741624061,1.4196151315071257,1.380364181653071,1.346344184047463,1.31772617246691,1.2946548812781105,1.2772475536731953,1.2655929707915816,1.2597507220692514,1.259749787932734
31.367346938775512,3.814086880877254,3.814087844924684,3.809568741571658,3.8005119423657594,3.7868849593161285,3.768645669541643,3.74574941643418,3.718157228012695,3.685844320883362,3.64880809652902,3.6070749696113555,3.560705565852335,3.509798053478094,3.454489591645139,3.3949560631519162,3.3314103889190143,3.2640997912289706,3.1933023844090656,3.1193234356828503,3.042491569936189,2.9631551065615604,2.8816786302507467,2.798439823987816,2.713826540832863,2.6282340654815592,2.5420625156589844,2.4557143510054593,2.369591983993251,2.284095513581218,2.1996206194268875,2.116556657658871,2.0352849878361905,1.9561775380165614,1.8795955866343397,1.8058887128279821,1.735393846862047,1.6684343433150666,1.6053190032188884,1.5463409863970337,1.4917765790392354,1.441883810101093,1.3969009390472924,1.3570448625634635,1.3225095056154375,1.2934642702310677,1.2700526128145568,1.2523908088743074,1.2405669460206785,1.2346401667396503,1.2346392331807117
31.714285714285715,3.883254499630742,3.883255463109152,3.8783551546114037,3.8685398846363634,3.853785048692594,3.834060354373625,3.8093369055789066,3.779595363273247,3.744834327724516,3.7050781262812045,3.660383327401201,3.610843505868575,3.556592019253891,3.4978027856963156,3.4346892486305145,3.3675018557921774,3.2965244592313034,3.222070061431002,3.1444762988458708,3.0641009821717926,2.981317918970828,2.896513145745673,2.8100816082173807,2.72242426170817,2.6339455242709073,2.545051003773428,2.4561454313418953,2.3676307583500353,2.279904402039484,2.1933576465844844,2.108374215956174,2.025329030573231,1.9445871438044704,1.8665028321443402,1.7914187906862362,1.7196653691813053,1.651559777482627,1.5874051941088159,1.5274897272227848,1.4720852008717245,1.4214457671267282,1.375806372658468,1.3353811323354379,1.300361679303605,1.2709155684045161,1.2471848069033418,1.2292845744235477,1.2173021758374978,1.2112962512749235,1.2112953182668127
32.06122448979592,3.951500550146621,3.9515015130835907,3.9462268002551952,3.935666672106111,3.9198044187518755,3.8986215699739786,3.8721049384158404,3.8402546991053375,3.8030926317218574,3.760669690889631,3.713072208270064,3.6604262385684376,3.602899803263745,3.540703024890988,3.474086351173668,3.4033372217746924,3.3287756208190276,3.2507489850862794,3.169626908070438,3.0857960067832275,2.999655217534521,2.911611676550628,2.822077237833729,2.7314655975908817,2.640189940253237,2.548660997746625,2.4572854173305636,2.3664643553679388,2.2765922439603496,2.1880557042070103,2.1012325966074132,2.0164912028014594,1.9341895246929308,1.854674671499928,1.7782822883695575,1.7053359675554831,1.6361465788381118,1.5710114616263637,1.5102134364832076,1.4540196163351369,1.4026800239554271,1.3564260486707065,1.3154687980029105,1.2799974160376664,1.2501774475165228,1.226149324114877,1.2080270379680982,1.1958970500447221,1.189817461741931,1.1898165292579503
32.40816326530612,4.018440400546578,4.018441362969637,4.012800739843414,4.001512741985529,3.9845685443837624,3.9619614600827626,3.93369391874931,3.899785441563454,3.8602807250799254,3.8152569843215223,3.7648298439809738,3.7091572769897674,3.6484413359798546,3.5829276696697807,3.512903032870587,3.4386911642144598,3.360647508090639,3.2791532939758943,3.194609462512731,3.1074308546304694,3.0180409734423645,2.9268675067252254,2.8343386787411653,2.7408803997949645,2.646914111195408,2.5528551866742717,2.459111746442945,2.366083758914739,2.274162336486616,2.1837291643055687,2.0951560258606445,2.0088044019940807,1.9250251204871085,1.8441580252953484,1.766531623224012,1.69246265685717,1.622255550040925,1.5562016781942587,1.494578430017735,1.437648047885574,1.3856562583924739,1.338830728853112,1.2973794067939393,1.261488814835863,1.231322380765031,1.2070188810492486,1.1886910661322079,1.1764245198464804,1.1702767870168662,1.1702758550303698
32.755102040816325,4.083704441786665,4.083705403723283,4.07770903355439,4.06571347662098,4.047717751319505,4.023726869333196,3.993758727793499,3.9578519579470246,3.916073833570524,3.868527377855142,3.8153569446717412,3.756751760675831,3.692947163736841,3.624223525776906,3.5509030742697503,3.4733450041201293,3.3919393869116323,3.3071004326014344,3.2192596424000124,3.1288593202168973,3.036346798491093,2.9421696009493994,2.8467716296847643,2.7505903452287503,2.654054819845332,2.5575844931936738,2.4615884452734145,2.366465016925319,2.2726016415811534,2.18037479090001,2.090149970950063,2.0022817284151007,1.9171136364154793,1.8349782294329515,1.7561968513841149,1.6810793754556022,1.6099237532033635,1.543015356010255,1.480626084593807,1.4230132404823568,1.3704181748301905,1.3230647518193575,1.281157683431033,1.2448808070867101,1.2143953855922496,1.189838508834653,1.1713216689145476,1.1589295665482067,1.1527191897550924,1.1527182582394866
33.10204081632653,4.146942305881701,4.146943267359301,4.1406029287967,4.127923333789694,4.108911262992642,4.0835832852498255,4.051972544268562,4.01413646227886,3.9701644584216655,3.9201848121561405,3.864369936384865,3.8029395340678143,3.7361613622858165,3.664349585167681,3.5878609321117385,3.507089067325368,3.422457705601091,3.3344130699670385,3.2434162794393675,3.1499361867298914,3.054443070014893,2.9574034384120296,2.859276059064314,2.7605091756791027,2.661538781022251,2.562787739267417,2.464665529833272,2.3675683960563014,2.2718797178729817,2.17797047376644,2.086199701267793,1.9969148990767125,1.9104523342247366,1.827137225997725,1.747283778820724,1.6711950342184336,1.5991625118299315,1.5314656141070366,1.4683707796304386,1.4101303851716582,1.3569814149218558,1.3091439344718312,1.2668194248780997,1.230189046337404,1.199411909743008,1.1746234363834955,1.1559338809110318,1.1434270814432295,1.1371594856127694,1.13715855454151
33.44897959183673,4.207826563320789,4.20782752436674,4.201156527871621,4.187819456522135,4.167830727574721,4.141218261809432,4.108030148702312,4.068342189587884,4.022265414459007,3.969952696975672,3.9116037227172282,3.8474677719166346,3.7778440279078738,3.703079383740606,3.6235639626744245,3.539724769957501,3.452018036376109,3.3609208884168105,3.266922982614066,3.170518677376523,3.0722001963882097,2.972452082222638,2.8717470700796994,2.7705433533636694,2.669283085595077,2.5683918801666525,2.4682790346335155,2.369338214230599,2.2719483679042467,2.1764747040301,2.0832696078255464,1.9926734279216565,1.905015090695308,1.8206125178982897,1.7397728294988737,1.6627923146185792,1.589956153844396,1.5215378794041599,1.4577985672417983,1.3989857668407952,1.3453321895802937,1.2970541928164296,1.2543501129361545,1.2173985144647763,1.1863564320941151,1.1613576866701902,1.1425113538580727,1.1299004556488874,1.1235809316499499,1.123580000996543
33.79591836734694,4.266055752812218,4.266056713453838,4.259069791784519,4.245104626570967,4.224183099589049,4.196344211667458,4.161650613417806,4.120195975752484,4.072112296679232,4.017576265558761,3.9568139315520323,3.8901031251687437,3.8177733304954318,3.7402029697479002,3.6578143127164116,3.571066437335555,3.4804468252186163,3.386462264717123,3.2896297478832803,3.1904679884545892,3.089490066009697,2.987197535254701,2.884076153513184,2.7805932006328353,2.6771962177319333,2.574312891223335,2.4723517628088256,2.37170345039566,2.2727421065422266,2.1758269032444923,2.0813033981025733,1.9895046945616317,1.900752351161144,1.8153570203850704,1.7336188098091463,1.6558273619100206,1.5822616493817532,1.5131894841402986,1.4488667426822763,1.3895363187733765,1.3354268261000626,1.2867510874059875,1.2437044612966546,1.206463071644603,1.175182015493387,1.1499936316939119,1.1310059128231922,1.118301136831376,1.1119347832125692,1.1119338529505702
34.142857142857146,4.321356615762072,4.3213575760266325,4.3140707556418905,4.299509442835821,4.277702765756759,4.24870046701156,4.212579289828354,4.169450166879483,4.119465311619832,4.062824331944694,3.999778605783265,3.930633355484288,3.8557471042856744,3.775528464294498,3.690430463441919,3.600942844260924,3.5075829395571283,3.410885833537327,3.3113945425010263,3.2096508956809817,3.106187672706155,3.001522377645559,2.8961528266648853,2.7905545266530063,2.6851796535153873,2.5804573215147215,2.4767947781468687,2.3745791595142705,2.2741794860226143,2.175948649031566,2.080225217028442,1.987334960000005,1.897592044123694,1.8112998831868885,1.7287516506892566,1.6502304625424273,1.5760092404087587,1.506350264842494,1.4415044286809693,1.381710206065461,1.3271923612280794,1.2781604330830287,1.2348070454703146,1.1973061069392328,1.1658109761837392,1.1404526774750319,1.1213382528448803,1.108549333451046,1.1021410019019333,1.1021400720049448
34.48979591836735,4.373485441731349,4.373486401646068,4.365916863840603,4.350793636753714,4.3281528324972145,4.298054533155133,4.260589024714852,4.215883797866553,4.164110421069754,4.105490406038283,4.040299299227085,3.968868424481896,3.891583945518376,3.8088831844683044,3.721248397353059,3.6291984440641727,3.5332789770828574,3.434051891491296,3.3320848163847114,3.227941380497011,3.1221728591837157,3.015311623646371,2.9078665937951724,2.8003206759775674,2.6931299774210977,2.5867244546057275,2.481509584678949,2.3778686456369984,2.276165239012835,2.1767457681949915,2.07994167513669,1.9860713207205507,1.8954414585553137,1.808348294633546,1.7250781478888149,1.6459077344998996,1.5711040981622315,1.5009242052160006,1.4356142216386332,1.3754084908287185,1.3205282376229655,1.2711800347222828,1.227554081425902,1.1898223593831658,1.1581367435783552,1.1326271564097323,1.1133998563404366,1.1005359490241382,1.0940901982764508,1.094089268718123
34.836734693877546,4.422228478454015,4.422229438046065,4.41439537932211,4.398746480274451,4.375325532633777,4.344202494825323,4.305480568153696,4.259303005625804,4.2058597662356085,4.145393136713461,4.078201549284779,4.004641009368364,3.9251237872151976,3.840114296000335,3.7501223495780587,3.655694240650654,3.557402280718437,3.455833576006157,3.351578863053951,3.245222186812491,3.13733207738523,3.0284546863201554,2.91910910817855,2.8097848732789794,2.7009413880746536,2.593008948070951,2.4863908689950147,2.3814662745526247,2.278593129995072,2.178111198318681,2.080344696869341,1.9856045266460438,1.8941900217778873,1.8063902172408712,1.722484660098334,1.6427437987662794,1.5674289830823565,1.4967921020516475,1.431074881295483,1.3705078617083903,1.3153090859916512,1.2656825303427492,1.2218163331573937,1.1838808887472152,1.1520268888458374,1.12638340508623,1.1070561093218674,1.0941257245263516,1.0876467874987743,1.0876458582528035
35.183673469387756,4.467401418310134,4.467402377606641,4.459322878158755,4.443186296488372,4.419041759694494,4.386968581489402,4.347082177119892,4.299540678446569,4.244551371038233,4.182376078443185,4.113334718077287,4.037806432010301,3.956227932241044,3.8690889691379646,3.776925108007328,3.6803082564737215,3.5798355992065174,3.4761177431719092,3.3697669375652843,3.2613861981284655,3.1515600382831437,3.040847306217755,2.929776377458311,2.818842694310572,2.708508415238322,2.5992037695725685,2.4913296229757105,2.3852607475722545,2.28134934391241,2.179928457049915,2.081315040522056,1.9858125278365861,1.8937128562722072,1.8052979457553973,1.72084066689615,1.6406053424790863,1.5648478236366743,1.4938151734534169,1.4277449832844387,1.3668643448355102,1.3113885059030097,1.2615192493323535,1.217443051221156,1.179329092482842,1.1473272138843316,1.1215659151186075,1.1021505009766073,1.0891614715325184,1.0826532395588444,1.0826523105989723
35.53061224489796,4.508848037774589,4.508848996802635,4.5005439041493815,4.483959144028441,4.45914979590294,4.426203951625079,4.385248467643759,4.336455386799306,4.280048161919948,4.216306810654586,4.145571222759732,4.0682420131755155,3.984778546614498,3.8956940288001243,3.801547840902498,3.702935560879898,3.6004773415405005,3.4948054745785386,3.386552041487728,3.2763375238827477,3.164761118262167,3.0523932899466626,2.9397708384695944,2.827394472045845,2.7157286431987195,2.60520321502546,2.496216427367089,2.389138616359262,2.2843161957843154,2.182075510275796,2.082726291391749,1.986564563651853,1.8938749419770178,1.8049323265870438,1.7200030363029413,1.639345432056222,1.5632100778467575,1.4918394754689763,1.4254673997021599,1.3643178575149517,1.3086037004548507,1.2585249332843926,1.2142667813103374,1.1759975994822518,1.1438667235296331,1.1180023731807398,1.0985097175910576,1.085469203520523,1.0789352297061834,1.0789343010061958
35.87755102040816,4.546438130062059,4.546439088848675,4.537928920834835,4.520936807221382,4.49552335811389,4.4617848106357645,4.419858619332026,4.369929687643877,4.312236384023178,4.247075477293736,4.174805210081747,4.095845894521964,4.010677642911111,3.9198351155783193,3.8238994543379814,3.723487845659336,3.6192413948789666,3.5118121637122464,3.401850304532648,3.2899922020303216,3.1768504053793807,3.0630059178480726,2.9490031372946017,2.83534745199302,2.7225052355164476,2.610905788405581,2.5009446646369016,2.3929878007499,2.2873759213420524,2.1844288015709954,2.0844490963596787,1.9877255710527797,1.894535670686634,1.8051474355115575,1.7198208083354967,1.6388083904773016,1.5623556970397328,1.4907009490886036,1.424074429071121,1.3626974225570407,1.3067807767852675,1.2565231236844556,1.2121088382460465,1.173705826828158,1.1414632583401958,1.115509359758062,1.0959493940264051,1.082863924137103,1.0763074456220991,1.0763065171558261
36.224489795918366,4.580064924669359,4.580065883241536,4.571371751256212,4.554014275756506,4.528059136111445,4.493610025189621,4.450814081685522,4.399867937206873,4.341023533652961,4.274592851311892,4.200950764857979,4.120535403248822,4.03384561420032,3.9414354036447574,3.843905510931428,3.741892564011576,3.6360565058147785,3.527067163941548,3.4155909252461134,3.3022784587864047,3.187754303278103,3.0726089142058357,2.9573934831499367,2.8426175409147434,2.7287490824707423,2.6162167441067563,2.505413444912657,2.3967008801948158,2.2904143103821584,2.1868671998857563,2.086355395992614,1.9891606704433926,1.8955535556276415,1.8057954828061362,1.7201402702275381,1.6388350203958009,1.5621204782337712,1.4902308868931933,1.423393365626022,1.3618268315034077,1.3057404967792636,1.2553319950096236,1.2107852167667623,1.17226796296158,1.139929543343896,1.1138984545545818,1.0942802644656802,1.0811558096818201,1.0745797862583877,1.0745788579997018
36.57142857142857,4.609642221236587,4.609643179621273,4.600786729453896,4.583106931204316,4.556674031036036,4.521598429754494,4.478035964116921,4.426193778977909,4.366335957910274,4.298788058906465,4.223939771360257,4.1422450631254515,4.054219407601817,3.9604339506573454,3.861506771384493,3.7580916809440854,3.6508652590976505,3.5405130173286583,3.4277156736941876,3.3131365103425283,3.1974106574620347,3.0811369226992493,2.964872495307053,2.849130543758591,2.7343804415504036,2.6210501386081178,2.5095300699546863,2.4001779645458505,2.2933239725137087,2.1892756426271456,2.0883224223902053,1.9907394917661967,1.8967908564154676,1.806731705935674,1.7208100851045813,1.6392679375709431,1.5623415726697676,1.490261589553468,1.4232522799261684,1.3615305292367783,1.305304249385833,1.2547704019634955,1.2101127036857964,1.1714991365782703,1.1390794062166503,1.1129824962355048,1.0933144550331433,1.0801565246400227,1.0735636891659932,1.0735627610888092
36.91836734693877,4.635101471975812,4.63510243019991,4.626105795066926,4.608147666089268,4.58130231146273,4.545686032483101,4.5014623046907,4.448847488528043,4.388116288897972,4.319606116432652,4.243719566233365,4.160924376735007,4.071750449341074,3.976783779500306,3.876657447480393,3.7720401131569,3.6636227214543293,3.5521043211472048,3.438178001311222,3.3225179384998933,3.2057684206803696,3.0885354864265855,2.9713815226989038,2.854822846769399,2.739330005756518,2.625330302165259,2.513211921770946,2.403329007459181,2.296007076780133,2.191548296027971,2.0902362677879602,1.9923401319897724,1.8981178997969623,1.807819022543803,1.721686242070466,1.6399567802609125,1.562862915792261,1.4906319785211686,1.423485778891688,1.3616394898943212,1.3053000157697996,1.2546639124244543,1.2099149621715903,1.1712215400319121,1.138733930803318,1.1125817591121532,1.0928716777130942,1.0796854271933365,1.0730783418696181,1.0730774139478907
37.26530612244898,4.656389024646888,4.656389982737261,4.647275741185532,4.629084142058174,4.601892888365615,4.565823314824729,4.52104540375567,4.467783352034655,4.406320879340464,4.33700543638955,4.26025052888396,4.176535514768043,4.0864024476629535,3.9904498095784895,3.8893232765136787,3.7837039614471206,3.6742948471345778,3.561806322445996,3.446941841541883,3.3303847161205224,3.2127869239784683,3.0947605875775555,2.9768724773167774,2.859641571246664,2.743539404931531,2.6289927141704283,2.516387736122838,2.406075498098686,2.2983774758716202,2.1935911189663724,2.091994886750255,1.993852585467621,1.899416918914966,1.808932250840224,1.7226366225463645,1.6407630806356448,1.5635403592608843,1.4911929429279687,1.4239405230325135,1.361996863198053,1.305568108575994,1.2548506096555878,1.210028373521395,1.17127029366099,1.1387273325967564,1.1125298328956357,1.0927851108350874,1.0795754491212644,1.072956561181075,1.0729556333887995
37.61224489795918,4.673463690759996,4.673464648743466,4.664255779730894,4.645876350562265,4.618406871004185,4.581972784910976,4.5367493798667375,4.482967232589303,4.4209173897631695,4.350955448214167,4.273503750369153,4.189051048618625,4.09814920525286,4.0014067650984675,3.899479540913342,3.7930586563330744,3.682856763378535,3.569593356714506,3.45398021522018,3.336707993786171,3.218434861241269,3.0997778493908683,2.9813072766085247,2.8635442829766267,2.746961211833142,2.6319843372924776,2.51899829620344,2.408351543700827,2.3003622024535013,2.195323791194151,2.0935104657521735,1.9951815542400348,1.900585292900978,1.8099617563352288,1.7235450221550865,1.641564621593254,1.5642463164821048,1.4918122242562293,1.4244803001325947,1.3624631891937693,1.3059664842985477,1.2551864652245819,1.2103074410168015,1.1714988588224973,1.1389123667727459,1.1126790183236663,1.0929067804760004,1.0796784653888856,1.0730501561852104,1.073049228496422
37.95918367346939,4.686294741217817,4.686295699121169,4.677015527686379,4.658494581478834,4.630815512027981,4.59410689636281,4.548548063163839,4.494374442854428,4.431882648833664,4.3614344579963795,4.283458906809594,4.198451853635946,4.106972569361374,4.009637189055242,3.9071091621882634,3.8000871465390045,3.6892910662370175,3.575447262241799,3.459273773762603,3.341466782336603,3.2226891232008974,3.1035615367949116,2.9846570301208084,2.8664983890789095,2.7495585781137786,2.634263525308194,2.5209966471130567,2.410104425228173,2.3019023975853643,2.1966810404270944,2.094711166688848,1.9962486156072208,1.9015381348424685,1.810816444860468,1.7243145223138054,1.6422591506682238,1.5648737748764145,1.4923786779068302,1.4249904848507815,1.3629210053460312,1.3063754507953473,1.2555501056394873,1.2106295818749233,1.1717838298573695,1.1391651036505763,1.1129050779621046,1.0931122858003233,1.0798699990998426,1.0732346219572986,1.07323369434607
38.30612244897959,4.694860367388188,4.694861325238163,4.685533454590937,4.666917844750531,4.6390985934672155,4.602206392257111,4.556423294984943,4.501988002318705,4.439200874511833,4.368427843640789,4.290102441868591,4.2047252945071385,4.112860636886124,4.01512968487561,3.9122009949775887,3.804778259412608,3.6935862589443667,3.5793559056943622,3.4628094194835826,3.3446466749097317,3.225533629207217,3.10609350862968,2.986901127117843,2.8684803811978985,2.7513046587456005,2.635799659281184,2.522347977678568,2.411294759872355,2.3029537874375015,2.1976134624770176,2.09554231266211,1.9969937866773846,1.9022102375824785,1.8114260808257225,1.7248701610614516,1.642767373464394,1.5653395736027893,1.4928057908409778,1.425381748505564,1.3632787001136202,1.306701618495761,1.2558468197365127,1.2108991561336677,1.1720289580173167,1.13938893017407,1.113111206700673,1.0933047382156018,1.0800531357180865,1.0734130400690316,1.0734121125094733
38.65306122448979,4.699146593176435,4.699147550999742,4.689795780104365,4.671132740139933,4.643243257672532,4.606259089441765,4.560363661565404,4.505797320522499,4.442862311068067,4.371926653748364,4.293426138764568,4.207863784010618,4.115806314778162,4.017877493553383,3.914748435042842,3.8071253520260546,3.6957354559271787,3.581311946296529,3.4645791351702586,3.3462387461405045,3.2269583007562694,3.107362272337488,2.98802638293023,2.869475088785742,2.75218199274663,2.636572681122389,2.5230293359598273,2.4118964294859,2.303486855175474,2.1980879641566387,2.0959671241107865,1.997376568527896,1.9025574318454828,1.8117429555876319,1.7251608982413207,1.6430351931716984,1.5655868871651748,1.4930343730682276,1.4255929184496523,1.3634734988293744,1.3068809724779245,1.2560116800663184,1.211050605931459,1.172168284283681,1.1395176599508952,1.1132311109866617,1.0934178095687512,1.0801615465729624,1.0735190885023262,1.073518160968585
39.0,4.699146593176435,4.699146593176435,4.689794823548892,4.671131784824724,4.64324230357008,4.60625813652462,4.560362709806171,4.505796369893833,4.44286136154267,4.371925705298982,4.293425191363985,4.207862837631657,4.1158053693936765,4.0178765491362585,3.9147474915659886,3.807124409462409,3.695734514249698,3.5813110054781903,3.4645781951840555,3.3462378069594454,3.2269573623533754,3.1073613346857933,2.988025446002777,2.8694741525555827,2.7521810571868226,2.636571746206,2.523028401659928,2.4118954957755694,2.303485922027793,2.1980870315446968,2.0959661920076766,1.9973756369067177,1.9025565006793415,1.8117420248496399,1.7251599679045988,1.6430342632093746,1.5655859575503879,1.4930334437741282,1.4255919894494025,1.3634725700961519,1.3068800439849222,1.256010751786747,1.2110496778385489,1.172167356350685,1.1395167321510886,1.113230183293346,1.0934168819552563,1.080160619012648,1.073518160968585,1.073518160968585
